{
  "0: Empty buildContext": {
    "mean": 1.0793619999999948,
    "min": 0.1587820000000022,
    "max": 4.363019999999992,
    "samples": 5
  },
  "1: 10 memories": {
    "mean": 0.18345099999999945,
    "min": 0.15696300000000463,
    "max": 0.2226270000000028,
    "samples": 5
  },
  "2: 100 memories": {
    "mean": 0.2026407999999975,
    "min": 0.17886000000000024,
    "max": 0.26202299999999923,
    "samples": 5
  },
  "3: +30 daily logs": {
    "mean": 0.2779826000000014,
    "min": 0.22323900000000663,
    "max": 0.40722499999998263,
    "samples": 5
  },
  "4: +200 auto mems": {
    "mean": 0.7026850000000024,
    "min": 0.5013909999999839,
    "max": 1.0660840000000178,
    "samples": 5
  },
  "5: +500 facts": {
    "mean": 0.5999603999999976,
    "min": 0.49008100000003196,
    "max": 0.7146450000000186,
    "samples": 5
  },
  "6a: Search specific": {
    "mean": 2.488541000000032,
    "min": 1.8862709999999652,
    "max": 4.377414000000044,
    "samples": 5
  },
  "6b: Search broad": {
    "mean": 2.354882799999996,
    "min": 2.1216980000000376,
    "max": 2.769676000000004,
    "samples": 5
  },
  "6c: Search facts": {
    "mean": 2.2206993999999893,
    "min": 2.0487909999999374,
    "max": 2.5100640000000567,
    "samples": 5
  }
}